name,brand,categories,recommend,rating,text,title
"Fire Tablet, 7 Display, Wi-Fi, 8 GB - Includes Special Offers, Magenta",Amazon,"Electronics,iPad & Tablets,All Tablets,Computers/Tablets & Networking,Tablets & eBook Readers,Computers & Tablets,E-Readers & Accessories,E-Readers,Used:Computers Accessories,Used:Tablets,Computers,iPads Tablets,Kindle E-readers,Electronics Features",1,4,"This Kindle is nice and my wife who is an avid reader likes the screen quality but truthfully does not like being ""pigeon-holed"" by Amazon for every book or story. Having to go through them for nearly everything greatly declines from the ease of use of the various functions. The need to find or put her existing library into Amazon in order to use it on the Kindle is ridiculous and annoying. Once again a another good product being sadly limited due to a monopoly.",Could be better
"Amazon Fire Tv,,,
Amazon Fire Tv,,,",Amazon,"Stereos,Remote Controls,Amazon Echo,Audio Docks & Mini Speakers,Amazon Echo Accessories,Kitchen & Dining Features,Speaker Systems,Electronics,TVs Entertainment,Clearance,Smart Hubs & Wireless Routers,Featured Brands,Wireless Speakers,Smart Home & Connected Living,Home Security,Kindle Store,Home Automation,Home, Garage & Office,Home,Voice-Enabled Smart Assistants,Virtual Assistant Speakers,Portable Audio & Headphones,Electronics Features,Amazon Device Accessories,iPod, Audio Player Accessories,Home & Furniture Clearance,Consumer Electronics,Smart Home,Surveillance,Home Improvement,Smart Home & Home Automation Devices,Smart Hubs,Home Safety & Security,Voice Assistants,Alarms & Sensors,Amazon Devices,Audio,Holiday Shop",1,5,I bought this product for my father. He's loves it. It's very helpful,Very Helpful
"Amazon Fire Tv,,,
Amazon Fire Tv,,,",Amazon,"Stereos,Remote Controls,Amazon Echo,Audio Docks & Mini Speakers,Amazon Echo Accessories,Kitchen & Dining Features,Speaker Systems,Electronics,TVs Entertainment,Clearance,Smart Hubs & Wireless Routers,Featured Brands,Wireless Speakers,Smart Home & Connected Living,Home Security,Kindle Store,Home Automation,Home, Garage & Office,Home,Voice-Enabled Smart Assistants,Virtual Assistant Speakers,Portable Audio & Headphones,Electronics Features,Amazon Device Accessories,iPod, Audio Player Accessories,Home & Furniture Clearance,Consumer Electronics,Smart Home,Surveillance,Home Improvement,Smart Home & Home Automation Devices,Smart Hubs,Home Safety & Security,Voice Assistants,Alarms & Sensors,Amazon Devices,Audio,Holiday Shop",1,4,"Other than occasionally misunderstanding and relentlessly asking us if we want to order xyz, this is a great product that I believe is just at the beginning stage of all the possible uses for it. My kids and their friends love asking Alexa to play music and I was surprised that a TP Link smart power switch I bought previously works with it to control my living room light. I just purchased a voice remote to go along with the Echo so I can control it from my bedroom while it is in the kitchen. A few times when attempting to turn the living room light on or off Alexa replied with ""Ok,"" but nothing happened. This may be due to wireless congestion or a blip for Internet connectivity but something to keep in mind (there is no status check to see if the command worked or not).",Echo and Alexa
"All-New Fire HD 8 Tablet, 8 HD Display, Wi-Fi, 32 GB - Includes Special Offers, Magenta",Amazon,"Tablets,Fire Tablets,Electronics,Computers,Computer Components,Hard Drives & Storage,Computers & Tablets,All Tablets",1,5,This was a Christmas present. The person that received it was very happy with it.. She has other Kindles but this new one is an obvious improvement over the previous ones.,Great gift!
"All-New Fire HD 8 Tablet, 8 HD Display, Wi-Fi, 16 GB - Includes Special Offers, Magenta",Amazon,"Electronics,iPad & Tablets,All Tablets,Fire Tablets,Tablets,Computers & Tablets",1,5,Great tablet for on the go. Good size screen to watch movies or read book.,Awesome little tablet
"Fire Tablet, 7 Display, Wi-Fi, 8 GB - Includes Special Offers, Magenta",Amazon,"Fire Tablets,Tablets,Computers & Tablets,All Tablets,Electronics, Tech Toys, Movies, Music,Electronics,iPad & Tablets,Android Tablets,Frys",1,5,Good fit / feel in your hand when using this device.,Nice Fit
,Amazon Fire Tv,"Back To College,College Electronics,College Tvs & Home Theater,Electronics,Tvs & Home Theater,Streaming Devices,Featured Brands,Amazon Devices,Holiday Shop,Ways To Shop,TV & Home Theater,Streaming Media Players,All Streaming Media Players,TVs Entertainment,Video Games,Kindle Store,Electronics Features,Kids & Family,Fire TV",0,1,Tried setting this up on 2 TV's using both WIFI and Ethernet for hours. Could never get a signal. A total waste of time.,Setup is a joke
"All-New Fire HD 8 Tablet, 8 HD Display, Wi-Fi, 16 GB - Includes Special Offers, Magenta",Amazon,"Electronics,iPad & Tablets,All Tablets,Fire Tablets,Tablets,Computers & Tablets",1,5,"needed a tv in our kitchen, wasn't looking for huge or fancy for this. so the 32 inch was perfect for us",nice tv
"Fire Tablet, 7 Display, Wi-Fi, 8 GB - Includes Special Offers, Magenta",Amazon,"Fire Tablets,Tablets,Computers & Tablets,All Tablets,Electronics, Tech Toys, Movies, Music,Electronics,iPad & Tablets,Android Tablets,Frys",1,3,"Bought this for a friend. It does the job (basic web and book reading) and at an affordable price. Nothing too fancy, but no problems.",Good value
"Amazon Fire Tv,,,
Amazon Fire Tv,,,",Amazon,"Stereos,Remote Controls,Amazon Echo,Audio Docks & Mini Speakers,Amazon Echo Accessories,Kitchen & Dining Features,Speaker Systems,Electronics,TVs Entertainment,Clearance,Smart Hubs & Wireless Routers,Featured Brands,Wireless Speakers,Smart Home & Connected Living,Home Security,Kindle Store,Home Automation,Home, Garage & Office,Home,Voice-Enabled Smart Assistants,Virtual Assistant Speakers,Portable Audio & Headphones,Electronics Features,Amazon Device Accessories,iPod, Audio Player Accessories,Home & Furniture Clearance,Consumer Electronics,Smart Home,Surveillance,Home Improvement,Smart Home & Home Automation Devices,Smart Hubs,Home Safety & Security,Voice Assistants,Alarms & Sensors,Amazon Devices,Audio,Holiday Shop",1,5,"This is a lot of fun to work with, also I'm still learning different things she can do.Love being able to turn lights on with my voice.Just amazing",Very cool
"Echo (White),,,
Echo (White),,,",Amazon,"Stereos,Remote Controls,Amazon Echo,Audio Docks & Mini Speakers,Amazon Echo Accessories,Kitchen & Dining Features,Speaker Systems,Electronics,TVs Entertainment,Clearance,Smart Hubs & Wireless Routers,Featured Brands,Wireless Speakers,Smart Home & Connected Living,Home Security,Kindle Store,Home Automation,Home, Garage & Office,Home,Voice-Enabled Smart Assistants,Virtual Assistant Speakers,Portable Audio & Headphones,Electronics Features,Amazon Device Accessories,iPod, Audio Player Accessories,Home & Furniture Clearance,Consumer Electronics,Smart Home,Surveillance,Home Improvement,Smart Home & Home Automation Devices,Smart Hubs,Home Safety & Security,Voice Assistants,Alarms & Sensors,Amazon Devices,Audio,Holiday Shop",1,5,Great product very easy to use . Very pleased. Would purchase again and again . New personal friend,Great product very easy to use right out of box
,Amazon Fire Tv,"Back To College,College Electronics,College Tvs & Home Theater,Electronics,Tvs & Home Theater,Streaming Devices,Featured Brands,Amazon Devices,Holiday Shop,Ways To Shop,TV & Home Theater,Streaming Media Players,All Streaming Media Players,TVs Entertainment,Video Games,Kindle Store,Electronics Features,Kids & Family,Fire TV",1,4,This item is one of the sweetest things I have ever brought.,Sweet
"All-New Fire HD 8 Tablet, 8 HD Display, Wi-Fi, 16 GB - Includes Special Offers, Magenta",Amazon,"Electronics,iPad & Tablets,All Tablets,Fire Tablets,Tablets,Computers & Tablets",1,5,"Husband is a first time user, he is doing really well with it.. He has low vision problems and this made reading his favorite books a lot easier to read.",Easy to operate and read.
"Fire Tablet, 7 Display, Wi-Fi, 8 GB - Includes Special Offers, Magenta",Amazon,"Fire Tablets,Tablets,Computers & Tablets,All Tablets,Electronics, Tech Toys, Movies, Music,Electronics,iPad & Tablets,Android Tablets,Frys",1,5,The price on this tablet is unbeatable. The performance is above what we expected. If you are looking for something to use at home then this is it.,Awesome tablet for in home use!
"Fire Tablet, 7 Display, Wi-Fi, 8 GB - Includes Special Offers, Magenta",Amazon,"Fire Tablets,Tablets,Computers & Tablets,All Tablets,Electronics, Tech Toys, Movies, Music,Electronics,iPad & Tablets,Android Tablets,Frys",1,5,This is a very nice tablet for my younger daughter and especially the price!!,Good tablet
,Amazon Fire Tv,"Back To College,College Electronics,College Tvs & Home Theater,Electronics,Tvs & Home Theater,Streaming Devices,Featured Brands,Amazon Devices,Holiday Shop,Ways To Shop,TV & Home Theater,Streaming Media Players,All Streaming Media Players,TVs Entertainment,Video Games,Kindle Store,Electronics Features,Kids & Family,Fire TV",0,1,I can't seem to be able to hook it up with my internet connection. I will be returning it to the store.,I don't like it.
"Fire Tablet, 7 Display, Wi-Fi, 8 GB - Includes Special Offers, Magenta",Amazon,"Fire Tablets,Tablets,Computers & Tablets,All Tablets,Electronics, Tech Toys, Movies, Music,Electronics,iPad & Tablets,Android Tablets,Frys",1,5,This device is kid friendly and is amazing for kids that don't like to read.,Great for kids
"Fire Tablet, 7 Display, Wi-Fi, 8 GB - Includes Special Offers, Magenta",Amazon,"Fire Tablets,Tablets,Computers & Tablets,All Tablets,Electronics, Tech Toys, Movies, Music,Electronics,iPad & Tablets,Android Tablets,Frys",1,4,This was a nice upgrade to my previous Kindle Fire. Thought would have a few more bells and whistles but I'm satisfied with the added speed and added Camera.,Nice upgrade
"All-New Fire HD 8 Tablet, 8 HD Display, Wi-Fi, 16 GB - Includes Special Offers, Magenta",Amazon,"Electronics,iPad & Tablets,All Tablets,Fire Tablets,Tablets,Computers & Tablets",1,5,Good product with best price available in the market place,Good product
,Amazon Fire Tv,"Back To College,College Electronics,College Tvs & Home Theater,Electronics,Tvs & Home Theater,Streaming Devices,Featured Brands,Amazon Devices,Holiday Shop,Ways To Shop,TV & Home Theater,Streaming Media Players,All Streaming Media Players,TVs Entertainment,Video Games,Kindle Store,Electronics Features,Kids & Family,Fire TV",1,5,Love this little device as it runs better Than other boxes. It's a simple machine that has great capability.,Works great
"Amazon Kindle Paperwhite - eBook reader - 4 GB - 6 monochrome Paperwhite - touchscreen - Wi-Fi - black,,,",Amazon,"Walmart for Business,Office Electronics,Tablets,Office,Electronics,iPad & Tablets,Windows Tablets,All Windows Tablets,Computers & Tablets,E-Readers & Accessories,E-Readers,eBook Readers,Kindle E-readers,Computers/Tablets & Networking,Tablets & eBook Readers,Electronics Features,Books & Magazines,Book Accessories,eReaders,TVs & Electronics,Computers & Laptops,Tablets & eReaders",1,5,"If you want a dedicated device for reading books, the Kindle paperwhite is great. Battery lasts for weeks without a charge, screen is easy on the eyes,links to dictionary.com and wikipedia are so helpful!",Perfect for reading
,Amazon Fire Tv,"Back To College,College Electronics,College Tvs & Home Theater,Electronics,Tvs & Home Theater,Streaming Devices,Featured Brands,Amazon Devices,Holiday Shop,Ways To Shop,TV & Home Theater,Streaming Media Players,All Streaming Media Players,TVs Entertainment,Video Games,Kindle Store,Electronics Features,Kids & Family,Fire TV",1,5,I liked the amazon stick so much I upgraded to an amazon fire. I'm very happy with the purchase.,Upgraded
"Fire Tablet, 7 Display, Wi-Fi, 8 GB - Includes Special Offers, Black",Amazon,"Fire Tablets,Tablets,Computers & Tablets,All Tablets,Computers/Tablets & Networking,Tablets & eBook Readers",1,5,Just love the new kindle fire hd8 does all that I want and then some,This tablet is fantastic
"All-New Fire HD 8 Tablet, 8 HD Display, Wi-Fi, 16 GB - Includes Special Offers, Magenta",Amazon,"Electronics,iPad & Tablets,All Tablets,Fire Tablets,Tablets,Computers & Tablets",1,5,"This is a great tablet for books, games and web browsing. It is very user friendly, -and I would definitely recommend this product!",Love it!
,Amazon Fire Tv,"Back To College,College Electronics,College Tvs & Home Theater,Electronics,Tvs & Home Theater,Streaming Devices,Featured Brands,Amazon Devices,Holiday Shop,Ways To Shop,TV & Home Theater,Streaming Media Players,All Streaming Media Players,TVs Entertainment,Video Games,Kindle Store,Electronics Features,Kids & Family,Fire TV",1,5,We love it. Great product We heard about it from family,Fire tv
"Amazon Fire Tv,,,
Amazon Fire Tv,,,",Amazon,"Stereos,Remote Controls,Amazon Echo,Audio Docks & Mini Speakers,Amazon Echo Accessories,Kitchen & Dining Features,Speaker Systems,Electronics,TVs Entertainment,Clearance,Smart Hubs & Wireless Routers,Featured Brands,Wireless Speakers,Smart Home & Connected Living,Home Security,Kindle Store,Home Automation,Home, Garage & Office,Home,Voice-Enabled Smart Assistants,Virtual Assistant Speakers,Portable Audio & Headphones,Electronics Features,Amazon Device Accessories,iPod, Audio Player Accessories,Home & Furniture Clearance,Consumer Electronics,Smart Home,Surveillance,Home Improvement,Smart Home & Home Automation Devices,Smart Hubs,Home Safety & Security,Voice Assistants,Alarms & Sensors,Amazon Devices,Audio,Holiday Shop",1,5,"It has many uses. You can listen to music, check the weather, listen to podcasts and music. You can also use it as an alarm.",A great techie gift!
"All-New Fire HD 8 Tablet, 8 HD Display, Wi-Fi, 16 GB - Includes Special Offers, Magenta",Amazon,"Electronics,iPad & Tablets,All Tablets,Fire Tablets,Tablets,Computers & Tablets",1,5,Have been very pleased with all aspects of the Fire HD8. Good performance for the low price.,No complaints here
"Echo (White),,,
Echo (White),,,",Amazon,"Stereos,Remote Controls,Amazon Echo,Audio Docks & Mini Speakers,Amazon Echo Accessories,Kitchen & Dining Features,Speaker Systems,Electronics,TVs Entertainment,Clearance,Smart Hubs & Wireless Routers,Featured Brands,Wireless Speakers,Smart Home & Connected Living,Home Security,Kindle Store,Home Automation,Home, Garage & Office,Home,Voice-Enabled Smart Assistants,Virtual Assistant Speakers,Portable Audio & Headphones,Electronics Features,Amazon Device Accessories,iPod, Audio Player Accessories,Home & Furniture Clearance,Consumer Electronics,Smart Home,Surveillance,Home Improvement,Smart Home & Home Automation Devices,Smart Hubs,Home Safety & Security,Voice Assistants,Alarms & Sensors,Amazon Devices,Audio,Holiday Shop",1,5,It works bet well and my son enjoys using it for music and questions,Fun product
"All-New Fire HD 8 Tablet, 8 HD Display, Wi-Fi, 16 GB - Includes Special Offers, Magenta",Amazon,"Electronics,iPad & Tablets,All Tablets,Fire Tablets,Tablets,Computers & Tablets",1,5,"Amazon Fire HD8 is one of the best deal at 89$. Strong, efficient, low price and some Amazon features that I love. Youtube videos of how to get googleplay and android apps have made things lot more easier. And now, microsoft office is available online for free that I can access and edit my documents. What else do I need? Amazon is more respectable brand name than other low price brands or used/old models of high price brands. Definitely recommend it.",Very good tablet and best price
"Fire Tablet, 7 Display, Wi-Fi, 8 GB - Includes Special Offers, Magenta",Amazon,"Fire Tablets,Tablets,Computers & Tablets,All Tablets,Electronics, Tech Toys, Movies, Music,Electronics,iPad & Tablets,Android Tablets,Frys",1,5,Great price for a very basic tablet. Well worth the $$$,Great price
"Fire Tablet, 7 Display, Wi-Fi, 8 GB - Includes Special Offers, Magenta",Amazon,"Fire Tablets,Tablets,Computers & Tablets,All Tablets,Electronics, Tech Toys, Movies, Music,Electronics,iPad & Tablets,Android Tablets,Frys",1,4,For the money (if you can do without Apple) this is the best tablet. You just have to remember Amazon sells it cheap so you have access to their media services and Alexa.,Best budget tablet
"Echo (White),,,
Echo (White),,,",Amazon,"Electronics Features,Fire Tablets,Computers & Tablets,Tablets,All Tablets,Computers/Tablets & Networking,Tablets & eBook Readers",1,5,"Ever since I bought this kindle for my 6 year old, he has not been able to get over it. He loves it and I do too, because I ""borrow"" it from time to time.",nice
,Amazon Fire Tv,"Back To College,College Electronics,College Tvs & Home Theater,Electronics,Tvs & Home Theater,Streaming Devices,Featured Brands,Amazon Devices,Holiday Shop,Ways To Shop,TV & Home Theater,Streaming Media Players,All Streaming Media Players,TVs Entertainment,Video Games,Kindle Store,Electronics Features,Kids & Family,Fire TV",1,5,I don't know what took me so long to purchase this item system offers everything that could want for my tv experience in one package.,Recommended item
"Fire Tablet, 7 Display, Wi-Fi, 8 GB - Includes Special Offers, Magenta",Amazon,"Fire Tablets,Tablets,Computers & Tablets,All Tablets,Electronics, Tech Toys, Movies, Music,Electronics,iPad & Tablets,Android Tablets,Frys",1,5,"Bought the Amazon Fire Tablet as Christmas gifts for my grandsons, ages 8 and 12. They both liked it. It has a nice size screen for them to play their games on and you can't beat the price. Better than having them play on our expensive cell phones.",Nice size tablet for kids
"All-New Fire HD 8 Tablet, 8 HD Display, Wi-Fi, 16 GB - Includes Special Offers, Magenta",Amazon,"Electronics,iPad & Tablets,All Tablets,Fire Tablets,Tablets,Computers & Tablets",1,5,I was surprised when I learned of the capabilities of this device. Now my husband has more access to his desktop and I am doing things which I couldn't on his device.,Excellent for simple games and social media.
,Amazon,"Stereos,Remote Controls,Amazon Echo,Audio Docks & Mini Speakers,Amazon Echo Accessories,Kitchen & Dining Features,Speaker Systems,Electronics,TVs Entertainment,Clearance,Smart Hubs & Wireless Routers,Featured Brands,Wireless Speakers,Smart Home & Connected Living,Home Security,Kindle Store,Home Automation,Home, Garage & Office,Home,Voice-Enabled Smart Assistants,Virtual Assistant Speakers,Portable Audio & Headphones,Electronics Features,Amazon Device Accessories,iPod, Audio Player Accessories,Home & Furniture Clearance,Consumer Electronics,Smart Home,Surveillance,Home Improvement,Smart Home & Home Automation Devices,Smart Hubs,Home Safety & Security,Voice Assistants,Alarms & Sensors,Amazon Devices,Audio,Holiday Shop",1,5,Alexa is very understanding and knows how to please,Alexa was trained well
"All-New Fire HD 8 Tablet, 8 HD Display, Wi-Fi, 16 GB - Includes Special Offers, Magenta",Amazon,"Electronics,iPad & Tablets,All Tablets,Fire Tablets,Tablets,Computers & Tablets",0,2,"I bought this tablet as a replacement for my wife's Fire TV HDX 8.9 as her battery life is starting to decrease as it is getting older. Unfortunately, she was not happy with it as the tablet is slightly smaller screen wise (the next step is 10"" which is way too big, and has 4 less hours of battery life) and I was disappointed despite it being a newer tablet it was not able to decode HEVC, like the Fire TV 2015 boxes we have connected to our televisions. This unfortunately is a show stopper, as we can't view the movie library we have on this tablet. We will wait until a newer version comes out that is improved.",Disappointed
"Amazon Kindle Paperwhite - eBook reader - 4 GB - 6 monochrome Paperwhite - touchscreen - Wi-Fi - black,,,",Amazon,"Walmart for Business,Office Electronics,Tablets,Office,Electronics,iPad & Tablets,Windows Tablets,All Windows Tablets,Computers & Tablets,E-Readers & Accessories,E-Readers,eBook Readers,Kindle E-readers,Computers/Tablets & Networking,Tablets & eBook Readers,Electronics Features,Books & Magazines,Book Accessories,eReaders,TVs & Electronics,Computers & Laptops,Tablets & eReaders",1,4,"The paper white does what it claims it will do.You can go for weeks on end w/ only a single charge and it still have juice. Reading and import documents such as per files are simple via ""drag-n-drop"" in the root folder (which you'll create), documents. I only which that the ability to read .doc .docx files were available rather than having to convert files to pdf format. The screen is gentle to the eyes to read, whether outside in the sun or a low light setting, backlight or not.",Great device for reading on the go.
,Amazon Fire Tv,"Back To College,College Electronics,College Tvs & Home Theater,Electronics,Tvs & Home Theater,Streaming Devices,Featured Brands,Amazon Devices,Holiday Shop,Ways To Shop,TV & Home Theater,Streaming Media Players,All Streaming Media Players,TVs Entertainment,Video Games,Kindle Store,Electronics Features,Kids & Family,Fire TV",1,5,"Use this everyday, everyone will find it convenient and useful. Great purchase and highly recommend!",Great purchase
"Fire Kids Edition Tablet, 7 Display, Wi-Fi, 16 GB, Green Kid-Proof Case",Amazon,"Tablets,Fire Tablets,Computers & Tablets,All Tablets",1,5,Love this tablet! It's easy to setup and the pre-loaded games were a hit with my little one! Very pleased with the the selection of videos and games on Amazon Kid Play :),Great Tablet for Kids!
"Fire Tablet, 7 Display, Wi-Fi, 8 GB - Includes Special Offers, Magenta",Amazon,"Fire Tablets,Tablets,Computers & Tablets,All Tablets,Electronics, Tech Toys, Movies, Music,Electronics,iPad & Tablets,Android Tablets,Frys",1,3,good ereader not great for surfing web good for children and reading,ereader
"Echo (White),,,
Echo (White),,,",Amazon,"Stereos,Remote Controls,Amazon Echo,Audio Docks & Mini Speakers,Amazon Echo Accessories,Kitchen & Dining Features,Speaker Systems,Electronics,TVs Entertainment,Clearance,Smart Hubs & Wireless Routers,Featured Brands,Wireless Speakers,Smart Home & Connected Living,Home Security,Kindle Store,Home Automation,Home, Garage & Office,Home,Voice-Enabled Smart Assistants,Virtual Assistant Speakers,Portable Audio & Headphones,Electronics Features,Amazon Device Accessories,iPod, Audio Player Accessories,Home & Furniture Clearance,Consumer Electronics,Smart Home,Surveillance,Home Improvement,Smart Home & Home Automation Devices,Smart Hubs,Home Safety & Security,Voice Assistants,Alarms & Sensors,Amazon Devices,Audio,Holiday Shop",1,5,Great Price Great product. Great sound for such a small system,Great product
"Echo (White),,,
Echo (White),,,",Amazon,"Stereos,Remote Controls,Amazon Echo,Audio Docks & Mini Speakers,Amazon Echo Accessories,Kitchen & Dining Features,Speaker Systems,Electronics,TVs Entertainment,Clearance,Smart Hubs & Wireless Routers,Featured Brands,Wireless Speakers,Smart Home & Connected Living,Home Security,Kindle Store,Home Automation,Home, Garage & Office,Home,Voice-Enabled Smart Assistants,Virtual Assistant Speakers,Portable Audio & Headphones,Electronics Features,Amazon Device Accessories,iPod, Audio Player Accessories,Home & Furniture Clearance,Consumer Electronics,Smart Home,Surveillance,Home Improvement,Smart Home & Home Automation Devices,Smart Hubs,Home Safety & Security,Voice Assistants,Alarms & Sensors,Amazon Devices,Audio,Holiday Shop",1,4,So far has done essentially thing I have asked of it. It has so many more capabilities so I have just scratched the surface but I very happy. Only rating a 4 because I have not utilized to its full potential. Will be buying three more next month for employees.,"Informative, helpful and yes plain fun!"
"Fire Tablet, 7 Display, Wi-Fi, 8 GB - Includes Special Offers, Magenta",Amazon,"Fire Tablets,Tablets,Computers & Tablets,All Tablets,Electronics, Tech Toys, Movies, Music,Electronics,iPad & Tablets,Android Tablets,Frys",0,5,We bought it last year Black Friday for us and now we bought it as a gift because it's good for kids,Great gift
"Fire Tablet, 7 Display, Wi-Fi, 8 GB - Includes Special Offers, Magenta",Amazon,"Fire Tablets,Tablets,Computers & Tablets,All Tablets,Electronics, Tech Toys, Movies, Music,Electronics,iPad & Tablets,Android Tablets,Frys",1,5,its a good product from best buy. I recommend this,its a good product from best buy. I recommend this
"Fire Tablet, 7 Display, Wi-Fi, 8 GB - Includes Special Offers, Magenta",Amazon,"Fire Tablets,Tablets,Computers & Tablets,All Tablets,Electronics, Tech Toys, Movies, Music,Electronics,iPad & Tablets,Android Tablets,Frys",1,5,Nice tablet for the price. My son liked it. Was easy to use,Nice tablet
"Amazon Kindle Paperwhite - eBook reader - 4 GB - 6 monochrome Paperwhite - touchscreen - Wi-Fi - black,,,",Amazon,"Walmart for Business,Office Electronics,Tablets,Office,Electronics,iPad & Tablets,Windows Tablets,All Windows Tablets,Computers & Tablets,E-Readers & Accessories,E-Readers,eBook Readers,Kindle E-readers,Computers/Tablets & Networking,Tablets & eBook Readers,Electronics Features,Books & Magazines,Book Accessories,eReaders,TVs & Electronics,Computers & Laptops,Tablets & eReaders",1,4,"This is a very convenient tool for me to read books, now it saves me a lot of storage of books",Great tool to read books
"Amazon Fire Tv,,,
Amazon Fire Tv,,,",Amazon,"Stereos,Remote Controls,Amazon Echo,Audio Docks & Mini Speakers,Amazon Echo Accessories,Kitchen & Dining Features,Speaker Systems,Electronics,TVs Entertainment,Clearance,Smart Hubs & Wireless Routers,Featured Brands,Wireless Speakers,Smart Home & Connected Living,Home Security,Kindle Store,Home Automation,Home, Garage & Office,Home,Voice-Enabled Smart Assistants,Virtual Assistant Speakers,Portable Audio & Headphones,Electronics Features,Amazon Device Accessories,iPod, Audio Player Accessories,Home & Furniture Clearance,Consumer Electronics,Smart Home,Surveillance,Home Improvement,Smart Home & Home Automation Devices,Smart Hubs,Home Safety & Security,Voice Assistants,Alarms & Sensors,Amazon Devices,Audio,Holiday Shop",1,5,"I've had my Echo for a few months. Set up was easy. The voice recognition has been excellent. Alexa hears and responds to all of my requests, as well as the TV occasionally! I love its capability to connect to other speakers via BLUETOOTH. And it is a lot of fun for the family and parties!",Alot of fun for the family
"Fire Tablet, 7 Display, Wi-Fi, 8 GB - Includes Special Offers, Magenta",Amazon,"Fire Tablets,Tablets,Computers & Tablets,All Tablets,Electronics, Tech Toys, Movies, Music,Electronics,iPad & Tablets,Android Tablets,Frys",1,5,Excellent kindle for the price. Works great and ordering from Best Buy online was amazing.,Great kindle HD for the price excellent gift for g
"All-New Fire HD 8 Tablet, 8 HD Display, Wi-Fi, 16 GB - Includes Special Offers, Magenta",Amazon,"Electronics,iPad & Tablets,All Tablets,Fire Tablets,Tablets,Computers & Tablets",1,4,Not easy for elderly users cease of ads that pop up.,nice tablet for the price
"All-New Fire HD 8 Tablet, 8 HD Display, Wi-Fi, 16 GB - Includes Special Offers, Magenta",Amazon,"Electronics,iPad & Tablets,All Tablets,Fire Tablets,Tablets,Computers & Tablets",1,4,"Very happy with the Kindle tablet! Bought it to replace an old Kindle tablet. Great tablet, serves the purpose well. Basic browsing, netflix and amazon videos.Only issue is my older tablet had a mini hdmi not this one, so screen connect is only through Amazon echo.Still a good tablet!",Good Tablet!
"Fire Tablet, 7 Display, Wi-Fi, 8 GB - Includes Special Offers, Magenta",Amazon,"Fire Tablets,Tablets,Computers & Tablets,All Tablets,Electronics, Tech Toys, Movies, Music,Electronics,iPad & Tablets,Android Tablets,Frys",1,5,I love this tablet. Very user friendly and versatile.,Efficient
"Fire Tablet, 7 Display, Wi-Fi, 8 GB - Includes Special Offers, Magenta",Amazon,"Fire Tablets,Tablets,Computers & Tablets,All Tablets,Electronics, Tech Toys, Movies, Music,Electronics,iPad & Tablets,Android Tablets,Frys",1,4,"Overall this is a great tablet for the money. It does exactly what you need it to do. If you looking for a tablet to search the web, or just do basic things this is the tablet that you should get.",Perfect tablet for the money
"All-New Fire HD 8 Tablet, 8 HD Display, Wi-Fi, 16 GB - Includes Special Offers, Magenta",Amazon,"Electronics,iPad & Tablets,All Tablets,Fire Tablets,Tablets,Computers & Tablets",1,5,I put a memory card in this and put the Play Store on it (Google it). I use it as a mini office with a Bluetooth keyboard. I love it.,Best tablet for the price
"Amazon Fire Tv,,,
Amazon Fire Tv,,,",Amazon,"Stereos,Remote Controls,Amazon Echo,Audio Docks & Mini Speakers,Amazon Echo Accessories,Kitchen & Dining Features,Speaker Systems,Electronics,TVs Entertainment,Clearance,Smart Hubs & Wireless Routers,Featured Brands,Wireless Speakers,Smart Home & Connected Living,Home Security,Kindle Store,Home Automation,Home, Garage & Office,Home,Voice-Enabled Smart Assistants,Virtual Assistant Speakers,Portable Audio & Headphones,Electronics Features,Amazon Device Accessories,iPod, Audio Player Accessories,Home & Furniture Clearance,Consumer Electronics,Smart Home,Surveillance,Home Improvement,Smart Home & Home Automation Devices,Smart Hubs,Home Safety & Security,Voice Assistants,Alarms & Sensors,Amazon Devices,Audio,Holiday Shop",0,2,It's a nice idea if you have a need for such a gadget. My opinion was it wasn't worth the money. Computers and smart phones do mostly the same thing so why have an additional gadget. It might be more worthwhile for someone that wants to use it for running smart gadgets around the house. Not for me so I returned it.,It's a nice idea if you need it
,Amazon Fire Tv,"Back To College,College Electronics,College Tvs & Home Theater,Electronics,Tvs & Home Theater,Streaming Devices,Featured Brands,Amazon Devices,Holiday Shop,Ways To Shop,TV & Home Theater,Streaming Media Players,All Streaming Media Players,TVs Entertainment,Video Games,Kindle Store,Electronics Features,Kids & Family,Fire TV",1,5,"I really love my Fire Stick, it has been a great entertainment device",Love it!
"Echo (White),,,
Echo (White),,,",Amazon,"Stereos,Remote Controls,Amazon Echo,Audio Docks & Mini Speakers,Amazon Echo Accessories,Kitchen & Dining Features,Speaker Systems,Electronics,TVs Entertainment,Clearance,Smart Hubs & Wireless Routers,Featured Brands,Wireless Speakers,Smart Home & Connected Living,Home Security,Kindle Store,Home Automation,Home, Garage & Office,Home,Voice-Enabled Smart Assistants,Virtual Assistant Speakers,Portable Audio & Headphones,Electronics Features,Amazon Device Accessories,iPod, Audio Player Accessories,Home & Furniture Clearance,Consumer Electronics,Smart Home,Surveillance,Home Improvement,Smart Home & Home Automation Devices,Smart Hubs,Home Safety & Security,Voice Assistants,Alarms & Sensors,Amazon Devices,Audio,Holiday Shop",1,5,"Alexa helps so much any questions answered turn off and on lights. I have an echo in every room your favorite stations artist songs all by asking Alexa. Ask for news, weather, alerts, notifications and anything you want. Alexa is part of the family now.",Awesome
"Fire Tablet, 7 Display, Wi-Fi, 8 GB - Includes Special Offers, Magenta",Amazon,"Fire Tablets,Tablets,Computers & Tablets,All Tablets,Electronics, Tech Toys, Movies, Music,Electronics,iPad & Tablets,Android Tablets,Frys",1,4,Overall good product and got everything I need to stay tune.,Great product for student
"Fire Tablet, 7 Display, Wi-Fi, 8 GB - Includes Special Offers, Magenta",Amazon,"Fire Tablets,Tablets,Computers & Tablets,All Tablets,Electronics, Tech Toys, Movies, Music,Electronics,iPad & Tablets,Android Tablets,Frys",1,4,I like this Kindle its small size is what I was looking for and I enjoy playing games on it!,Good tablet so far.
"Fire Tablet, 7 Display, Wi-Fi, 8 GB - Includes Special Offers, Magenta",Amazon,"Fire Tablets,Tablets,Computers & Tablets,All Tablets,Electronics, Tech Toys, Movies, Music,Electronics,iPad & Tablets,Android Tablets,Frys",1,5,Got this for my little brother and he loves it And it's so inexpensive im not super worried about it being roughly used for a kid,Awesome for the money
"Echo (White),,,
Echo (White),,,",Amazon,"Stereos,Remote Controls,Amazon Echo,Audio Docks & Mini Speakers,Amazon Echo Accessories,Kitchen & Dining Features,Speaker Systems,Electronics,TVs Entertainment,Clearance,Smart Hubs & Wireless Routers,Featured Brands,Wireless Speakers,Smart Home & Connected Living,Home Security,Kindle Store,Home Automation,Home, Garage & Office,Home,Voice-Enabled Smart Assistants,Virtual Assistant Speakers,Portable Audio & Headphones,Electronics Features,Amazon Device Accessories,iPod, Audio Player Accessories,Home & Furniture Clearance,Consumer Electronics,Smart Home,Surveillance,Home Improvement,Smart Home & Home Automation Devices,Smart Hubs,Home Safety & Security,Voice Assistants,Alarms & Sensors,Amazon Devices,Audio,Holiday Shop",1,5,"This product is wonderful! We use it for shopping lists, music, and general info! We sit around the dinner table wondering about something and we just ask her! Its also great for timers and measuring! LOVE IT!",Best Thing Ever!!
"Echo (White),,,
Echo (White),,,",Amazon,"Stereos,Remote Controls,Amazon Echo,Audio Docks & Mini Speakers,Amazon Echo Accessories,Kitchen & Dining Features,Speaker Systems,Electronics,TVs Entertainment,Clearance,Smart Hubs & Wireless Routers,Featured Brands,Wireless Speakers,Smart Home & Connected Living,Home Security,Kindle Store,Home Automation,Home, Garage & Office,Home,Voice-Enabled Smart Assistants,Virtual Assistant Speakers,Portable Audio & Headphones,Electronics Features,Amazon Device Accessories,iPod, Audio Player Accessories,Home & Furniture Clearance,Consumer Electronics,Smart Home,Surveillance,Home Improvement,Smart Home & Home Automation Devices,Smart Hubs,Home Safety & Security,Voice Assistants,Alarms & Sensors,Amazon Devices,Audio,Holiday Shop",1,5,"completely satisfied, and absolutely love it!!! definitely a great thing to have...",very cool!
"Fire Tablet, 7 Display, Wi-Fi, 8 GB - Includes Special Offers, Magenta",Amazon,"Fire Tablets,Tablets,Computers & Tablets,All Tablets,Electronics, Tech Toys, Movies, Music,Electronics,iPad & Tablets,Android Tablets,Frys",1,5,I decided to purchase this tablet because my 2 year old son refused to play with his leap frog tablet. He's happy with it and takes it everywhere with him including daycare. Great price!!!!,Gift for my son
,Amazon Fire Tv,"Back To College,College Electronics,College Tvs & Home Theater,Electronics,Tvs & Home Theater,Streaming Devices,Featured Brands,Amazon Devices,Holiday Shop,Ways To Shop,TV & Home Theater,Streaming Media Players,All Streaming Media Players,TVs Entertainment,Video Games,Kindle Store,Electronics Features,Kids & Family,Fire TV",1,5,"I used Google Chromecast before but by far, this is the best, even better than Apple tv. I have also Amazon echo so this even makes it better for me.",Great purchase!
"Echo (White),,,
Echo (White),,,",Amazon,"Stereos,Remote Controls,Amazon Echo,Audio Docks & Mini Speakers,Amazon Echo Accessories,Kitchen & Dining Features,Speaker Systems,Electronics,TVs Entertainment,Clearance,Smart Hubs & Wireless Routers,Featured Brands,Wireless Speakers,Smart Home & Connected Living,Home Security,Kindle Store,Home Automation,Home, Garage & Office,Home,Voice-Enabled Smart Assistants,Virtual Assistant Speakers,Portable Audio & Headphones,Electronics Features,Amazon Device Accessories,iPod, Audio Player Accessories,Home & Furniture Clearance,Consumer Electronics,Smart Home,Surveillance,Home Improvement,Smart Home & Home Automation Devices,Smart Hubs,Home Safety & Security,Voice Assistants,Alarms & Sensors,Amazon Devices,Audio,Holiday Shop",1,5,"I really love my Echo. I enjoy talking to Alexa every day and getting the news, trivia and podcasts. I love that it is a Bluetooth speaker and I can pair and play my phone or devices easily. The easy connection with other amazon devices allows you to easily call someone in your contacts. I want another one!",Great sound and features.
"Echo (White),,,
Echo (White),,,",Amazon,"Stereos,Remote Controls,Amazon Echo,Audio Docks & Mini Speakers,Amazon Echo Accessories,Kitchen & Dining Features,Speaker Systems,Electronics,TVs Entertainment,Clearance,Smart Hubs & Wireless Routers,Featured Brands,Wireless Speakers,Smart Home & Connected Living,Home Security,Kindle Store,Home Automation,Home, Garage & Office,Home,Voice-Enabled Smart Assistants,Virtual Assistant Speakers,Portable Audio & Headphones,Electronics Features,Amazon Device Accessories,iPod, Audio Player Accessories,Home & Furniture Clearance,Consumer Electronics,Smart Home,Surveillance,Home Improvement,Smart Home & Home Automation Devices,Smart Hubs,Home Safety & Security,Voice Assistants,Alarms & Sensors,Amazon Devices,Audio,Holiday Shop",1,5,great bluetooth speakerworks well with harmony hubworks well with smart appliances and ifttt,amazing product
"Fire Tablet, 7 Display, Wi-Fi, 8 GB - Includes Special Offers, Magenta",Amazon,"Fire Tablets,Tablets,Computers & Tablets,All Tablets,Electronics, Tech Toys, Movies, Music,Electronics,iPad & Tablets,Android Tablets,Frys",1,5,Portability perfectBattery greatEase of use. Excellent,Excellent read!
"Echo (White),,,
Echo (White),,,",Amazon,"Stereos,Remote Controls,Amazon Echo,Audio Docks & Mini Speakers,Amazon Echo Accessories,Kitchen & Dining Features,Speaker Systems,Electronics,TVs Entertainment,Clearance,Smart Hubs & Wireless Routers,Featured Brands,Wireless Speakers,Smart Home & Connected Living,Home Security,Kindle Store,Home Automation,Home, Garage & Office,Home,Voice-Enabled Smart Assistants,Virtual Assistant Speakers,Portable Audio & Headphones,Electronics Features,Amazon Device Accessories,iPod, Audio Player Accessories,Home & Furniture Clearance,Consumer Electronics,Smart Home,Surveillance,Home Improvement,Smart Home & Home Automation Devices,Smart Hubs,Home Safety & Security,Voice Assistants,Alarms & Sensors,Amazon Devices,Audio,Holiday Shop",1,5,"Love the Echo, want to buy other products to make home more compatible with alexa.",Perfect
"Amazon - Amazon Tap Portable Bluetooth and Wi-Fi Speaker - Black,,,
Amazon - Amazon Tap Portable Bluetooth and Wi-Fi Speaker - Black,,,",Amazon,"Stereos,Remote Controls,Amazon Echo,Audio Docks & Mini Speakers,Amazon Echo Accessories,Kitchen & Dining Features,Speaker Systems,Electronics,TVs Entertainment,Clearance,Smart Hubs & Wireless Routers,Featured Brands,Wireless Speakers,Smart Home & Connected Living,Home Security,Kindle Store,Home Automation,Home, Garage & Office,Home,Voice-Enabled Smart Assistants,Virtual Assistant Speakers,Portable Audio & Headphones,Electronics Features,Amazon Device Accessories,iPod, Audio Player Accessories,Home & Furniture Clearance,Consumer Electronics,Smart Home,Surveillance,Home Improvement,Smart Home & Home Automation Devices,Smart Hubs,Home Safety & Security,Voice Assistants,Alarms & Sensors,Amazon Devices,Audio,Holiday Shop",1,5,Asked her to play a Neil Diamond song and she played for an hour?,Love Alexa!
"Fire Tablet, 7 Display, Wi-Fi, 8 GB - Includes Special Offers, Magenta",Amazon,"Fire Tablets,Tablets,Computers & Tablets,All Tablets,Electronics, Tech Toys, Movies, Music,Electronics,iPad & Tablets,Android Tablets,Frys",1,4,solid product to use.use it for reading and answering email.,good product
"Amazon Fire Tv,,,
Amazon Fire Tv,,,",Amazon,"Stereos,Remote Controls,Amazon Echo,Audio Docks & Mini Speakers,Amazon Echo Accessories,Kitchen & Dining Features,Speaker Systems,Electronics,TVs Entertainment,Clearance,Smart Hubs & Wireless Routers,Featured Brands,Wireless Speakers,Smart Home & Connected Living,Home Security,Kindle Store,Home Automation,Home, Garage & Office,Home,Voice-Enabled Smart Assistants,Virtual Assistant Speakers,Portable Audio & Headphones,Electronics Features,Amazon Device Accessories,iPod, Audio Player Accessories,Home & Furniture Clearance,Consumer Electronics,Smart Home,Surveillance,Home Improvement,Smart Home & Home Automation Devices,Smart Hubs,Home Safety & Security,Voice Assistants,Alarms & Sensors,Amazon Devices,Audio,Holiday Shop",1,5,"So, after visiting my sister and brother in law who use an Amazon Echo to run just about everything in their house, I just had to have one. I purchased my own Amazon Echo the minute I got home from my trip. I am now on my way to building my smart home. My wife and I have enjoyed using Alexa to help us with recipe measurements, check the weather for the day, set reminders and play our favorite music.We are now working toward building and buying items such as wifi light switches, a smart thermostat and a few other items that will all work seamlessly with Alexa. It will take a while to get it all done but it is a lot of fun!! The Amazon Echo is such a blast to use. Take your first step in building your smart home with the purchase of an Amazon Echo!",On my way to a smart home!
"Amazon Kindle Paperwhite - eBook reader - 4 GB - 6 monochrome Paperwhite - touchscreen - Wi-Fi - black,,,",Amazon,"Walmart for Business,Office Electronics,Tablets,Office,Electronics,iPad & Tablets,Windows Tablets,All Windows Tablets,Computers & Tablets,E-Readers & Accessories,E-Readers,eBook Readers,Kindle E-readers,Computers/Tablets & Networking,Tablets & eBook Readers,Electronics Features,Books & Magazines,Book Accessories,eReaders,TVs & Electronics,Computers & Laptops,Tablets & eReaders",1,5,This is the kindle to buy. Great resolution and a backlight is great. The higher end Kindle's don't justify the price difference. Use it all time time and love it.,Great Kindle
"Amazon Fire Tv,,,
Amazon Fire Tv,,,",Amazon,"Stereos,Remote Controls,Amazon Echo,Audio Docks & Mini Speakers,Amazon Echo Accessories,Kitchen & Dining Features,Speaker Systems,Electronics,TVs Entertainment,Clearance,Smart Hubs & Wireless Routers,Featured Brands,Wireless Speakers,Smart Home & Connected Living,Home Security,Kindle Store,Home Automation,Home, Garage & Office,Home,Voice-Enabled Smart Assistants,Virtual Assistant Speakers,Portable Audio & Headphones,Electronics Features,Amazon Device Accessories,iPod, Audio Player Accessories,Home & Furniture Clearance,Consumer Electronics,Smart Home,Surveillance,Home Improvement,Smart Home & Home Automation Devices,Smart Hubs,Home Safety & Security,Voice Assistants,Alarms & Sensors,Amazon Devices,Audio,Holiday Shop",1,5,"The future is here, the best voice recognition I've ever used, along with intelligence and responsiveness.",AMAZon AMAZing device
"Fire Tablet, 7 Display, Wi-Fi, 8 GB - Includes Special Offers, Magenta",Amazon,"Fire Tablets,Tablets,Computers & Tablets,All Tablets,Electronics, Tech Toys, Movies, Music,Electronics,iPad & Tablets,Android Tablets,Frys",1,4,I purchased one a few weeks before purchasing this one. SD Card slot cover broke when trying to insert card. Decided to get another one. This one is fine. Have to use tape to hold other one in.,Great starter tablet or for those on a budget
"Fire Tablet, 7 Display, Wi-Fi, 8 GB - Includes Special Offers, Magenta",Amazon,"Fire Tablets,Tablets,Computers & Tablets,All Tablets,Electronics, Tech Toys, Movies, Music,Electronics,iPad & Tablets,Android Tablets,Frys",1,4,"My daughter uses this and loves it. The only complaint she had was she cannot get games from the google store because it will only allow game and app downloads from the Amazon store and Amazon does not have all the games. But as far as working, it does what it is supposed to.",Good Device
"Amazon Kindle Paperwhite - eBook reader - 4 GB - 6 monochrome Paperwhite - touchscreen - Wi-Fi - black,,,",Amazon,"Walmart for Business,Office Electronics,Tablets,Office,Electronics,iPad & Tablets,Windows Tablets,All Windows Tablets,Computers & Tablets,E-Readers & Accessories,E-Readers,eBook Readers,Kindle E-readers,Computers/Tablets & Networking,Tablets & eBook Readers,Electronics Features,Books & Magazines,Book Accessories,eReaders,TVs & Electronics,Computers & Laptops,Tablets & eReaders",1,5,I am very satisfied with it. It is exactly what I was looking for.,It is exactly what I wanted
"All-New Fire HD 8 Tablet, 8 HD Display, Wi-Fi, 16 GB - Includes Special Offers, Magenta",Amazon,"Electronics,iPad & Tablets,All Tablets,Fire Tablets,Tablets,Computers & Tablets",1,4,Purchased as a gift for my nephew He's was very happy with this item no complaints,Gift
,Amazon Fire Tv,"Back To College,College Electronics,College Tvs & Home Theater,Electronics,Tvs & Home Theater,Streaming Devices,Featured Brands,Amazon Devices,Holiday Shop,Ways To Shop,TV & Home Theater,Streaming Media Players,All Streaming Media Players,TVs Entertainment,Video Games,Kindle Store,Electronics Features,Kids & Family,Fire TV",1,5,We have gotten rid if cable and just use the fire sticks. What a big savings from the high price of cable.,This is AWESOME!!!
"Fire Tablet, 7 Display, Wi-Fi, 8 GB - Includes Special Offers, Magenta",Amazon,"Fire Tablets,Tablets,Computers & Tablets,All Tablets,Electronics, Tech Toys, Movies, Music,Electronics,iPad & Tablets,Android Tablets,Frys",1,4,"Got two for my kids for Christmas they have been great so far they hold a charge and there not slow. I bought two off brand tablets last year of lesser quality and they didn't last very long, These have been worth every penny. The only negative is that you will have to eventually expand the memory",Great for the price.
"Fire Tablet, 7 Display, Wi-Fi, 8 GB - Includes Special Offers, Magenta",Amazon,"Fire Tablets,Tablets,Computers & Tablets,All Tablets,Electronics, Tech Toys, Movies, Music,Electronics,iPad & Tablets,Android Tablets,Frys",0,5,"I purchased this device to use it in my work, and it's really did the job..",I love it!!
,Amazon Fire Tv,"Back To College,College Electronics,College Tvs & Home Theater,Electronics,Tvs & Home Theater,Streaming Devices,Featured Brands,Amazon Devices,Holiday Shop,Ways To Shop,TV & Home Theater,Streaming Media Players,All Streaming Media Players,TVs Entertainment,Video Games,Kindle Store,Electronics Features,Kids & Family,Fire TV",1,5,This is one of the best media player i have owned.,Best media player
"All-New Fire HD 8 Tablet, 8 HD Display, Wi-Fi, 16 GB - Includes Special Offers, Magenta",Amazon,"Electronics,iPad & Tablets,All Tablets,Fire Tablets,Tablets,Computers & Tablets",1,4,Bought this for my gf since she is on her phone playing games etc. I've used it a few times and like it.,Saves on our phone data usage
,Amazon Fire,"Electronics,Tablets & E-Readers,Tablets,Back To College,College Electronics,College Ipads & Tablets,Featured Brands,Amazon Devices,Electronics Deals,Computers & Tablets,All Tablets,Electronics Features,eBook Readers",1,5,"What do you get someone who just turned 95???? A Kindle Fire 10! He loves reading and is absolutely thrilled to now own one. More importantly, he is excited about not having to go to the library each week.",AWESOME KINDLE FIRE
"Echo (White),,,
Echo (White),,,",Amazon,"Stereos,Remote Controls,Amazon Echo,Audio Docks & Mini Speakers,Amazon Echo Accessories,Kitchen & Dining Features,Speaker Systems,Electronics,TVs Entertainment,Clearance,Smart Hubs & Wireless Routers,Featured Brands,Wireless Speakers,Smart Home & Connected Living,Home Security,Kindle Store,Home Automation,Home, Garage & Office,Home,Voice-Enabled Smart Assistants,Virtual Assistant Speakers,Portable Audio & Headphones,Electronics Features,Amazon Device Accessories,iPod, Audio Player Accessories,Home & Furniture Clearance,Consumer Electronics,Smart Home,Surveillance,Home Improvement,Smart Home & Home Automation Devices,Smart Hubs,Home Safety & Security,Voice Assistants,Alarms & Sensors,Amazon Devices,Audio,Holiday Shop",1,5,Mostly use to listen to music and checking the weather.,Love ECHO
"Fire Tablet, 7 Display, Wi-Fi, 8 GB - Includes Special Offers, Magenta",Amazon,"Fire Tablets,Tablets,Computers & Tablets,All Tablets,Electronics, Tech Toys, Movies, Music,Electronics,iPad & Tablets,Android Tablets,Frys",1,4,"I had to go through 2 tablets before getting this one, which is the best that I have ever had.",Great buy finally!!
"Echo (White),,,
Echo (White),,,",Amazon,"Stereos,Remote Controls,Amazon Echo,Audio Docks & Mini Speakers,Amazon Echo Accessories,Kitchen & Dining Features,Speaker Systems,Electronics,TVs Entertainment,Clearance,Smart Hubs & Wireless Routers,Featured Brands,Wireless Speakers,Smart Home & Connected Living,Home Security,Kindle Store,Home Automation,Home, Garage & Office,Home,Voice-Enabled Smart Assistants,Virtual Assistant Speakers,Portable Audio & Headphones,Electronics Features,Amazon Device Accessories,iPod, Audio Player Accessories,Home & Furniture Clearance,Consumer Electronics,Smart Home,Surveillance,Home Improvement,Smart Home & Home Automation Devices,Smart Hubs,Home Safety & Security,Voice Assistants,Alarms & Sensors,Amazon Devices,Audio,Holiday Shop",1,4,I have to repeat myself when alexa is at volume 8-10 at a short distance.,Can't hear me at volume 10
"Echo (White),,,
Echo (White),,,",Amazon,"Stereos,Remote Controls,Amazon Echo,Audio Docks & Mini Speakers,Amazon Echo Accessories,Kitchen & Dining Features,Speaker Systems,Electronics,TVs Entertainment,Clearance,Smart Hubs & Wireless Routers,Featured Brands,Wireless Speakers,Smart Home & Connected Living,Home Security,Kindle Store,Home Automation,Home, Garage & Office,Home,Voice-Enabled Smart Assistants,Virtual Assistant Speakers,Portable Audio & Headphones,Electronics Features,Amazon Device Accessories,iPod, Audio Player Accessories,Home & Furniture Clearance,Consumer Electronics,Smart Home,Surveillance,Home Improvement,Smart Home & Home Automation Devices,Smart Hubs,Home Safety & Security,Voice Assistants,Alarms & Sensors,Amazon Devices,Audio,Holiday Shop",1,5,Amazon Echo is the bee's knees. You can talk to it and stuff and it talks back and does stuff for you. I use it mostly for playing music and making grocery lists.,HOT!!! FIRE!!!
"Amazon Fire Tv,,,
Amazon Fire Tv,,,",Amazon,"Stereos,Remote Controls,Amazon Echo,Audio Docks & Mini Speakers,Amazon Echo Accessories,Kitchen & Dining Features,Speaker Systems,Electronics,TVs Entertainment,Clearance,Smart Hubs & Wireless Routers,Featured Brands,Wireless Speakers,Smart Home & Connected Living,Home Security,Kindle Store,Home Automation,Home, Garage & Office,Home,Voice-Enabled Smart Assistants,Virtual Assistant Speakers,Portable Audio & Headphones,Electronics Features,Amazon Device Accessories,iPod, Audio Player Accessories,Home & Furniture Clearance,Consumer Electronics,Smart Home,Surveillance,Home Improvement,Smart Home & Home Automation Devices,Smart Hubs,Home Safety & Security,Voice Assistants,Alarms & Sensors,Amazon Devices,Audio,Holiday Shop",1,5,We purchased the echo as a gift for my wife. My family loves it.,Awesome
"Fire Tablet, 7 Display, Wi-Fi, 8 GB - Includes Special Offers, Magenta",Amazon,"Fire Tablets,Tablets,Computers & Tablets,All Tablets,Electronics, Tech Toys, Movies, Music,Electronics,iPad & Tablets,Android Tablets,Frys",0,1,"This thing is a disaster. Unless you are a child or have never used a tablet in your life, you are in for disappointment. They've blocked the Google store, so good luck downloading most of the games you like. Youtube? owned by Google, so again, can't download the app. You CAN get there with the web browser, but why should you have to? I tried to download 3 games-- NONE of which would even load. In short, I owned it less than 16 hours. Waste of my time. Save your money and buy a Samsung Galaxy Tablet.",Wish I could give 0 stars
"All-New Fire HD 8 Tablet, 8 HD Display, Wi-Fi, 16 GB - Includes Special Offers, Magenta",Amazon,"Electronics,iPad & Tablets,All Tablets,Fire Tablets,Tablets,Computers & Tablets",1,5,"I only use the kindle fire tablet for entertainment; music, games and eBooks. It's a great basic tablet at a low price. The SD card I added allows me to save lots music and books. The tablet is rather slow in charging but once fully charged it holds up well.",Inexpensive - works for me
,Amazon,"Stereos,Remote Controls,Amazon Echo,Audio Docks & Mini Speakers,Amazon Echo Accessories,Kitchen & Dining Features,Speaker Systems,Electronics,TVs Entertainment,Clearance,Smart Hubs & Wireless Routers,Featured Brands,Wireless Speakers,Smart Home & Connected Living,Home Security,Kindle Store,Home Automation,Home, Garage & Office,Home,Voice-Enabled Smart Assistants,Virtual Assistant Speakers,Portable Audio & Headphones,Electronics Features,Amazon Device Accessories,iPod, Audio Player Accessories,Home & Furniture Clearance,Consumer Electronics,Smart Home,Surveillance,Home Improvement,Smart Home & Home Automation Devices,Smart Hubs,Home Safety & Security,Voice Assistants,Alarms & Sensors,Amazon Devices,Audio,Holiday Shop",1,5,The Amazon - Echo is not just an amazing sound device but offers an always improved upon array of innovative services. My Best Buy for the year so far.,Excellent product
,Amazon Fire Tv,"Back To College,College Electronics,College Tvs & Home Theater,Electronics,Tvs & Home Theater,Streaming Devices,Featured Brands,Amazon Devices,Holiday Shop,Ways To Shop,TV & Home Theater,Streaming Media Players,All Streaming Media Players,TVs Entertainment,Video Games,Kindle Store,Electronics Features,Kids & Family,Fire TV",1,5,I love this device I use it everyday for all tv uses.,Great options
"All-New Fire HD 8 Tablet, 8 HD Display, Wi-Fi, 32 GB - Includes Special Offers, Magenta",Amazon,"Tablets,Fire Tablets,Electronics,Computers,Computer Components,Hard Drives & Storage,Computers & Tablets,All Tablets",1,5,This is my second kindle. Have a few more items to learn. But love it. Easy to get around the apps.,Love my kindle
"Fire Tablet, 7 Display, Wi-Fi, 8 GB - Includes Special Offers, Magenta",Amazon,"Fire Tablets,Tablets,Computers & Tablets,All Tablets,Electronics, Tech Toys, Movies, Music,Electronics,iPad & Tablets,Android Tablets,Frys",1,4,"Gave this as a gift to my husband. He likes it very much, but wishes it came with a separate manual of written instructions for using the different functions. He's not a fan of searching for instructions on a device he's not familiar with in the first place. That's frustrating.","Nice little tablet, but a manual would be helpful."
,Amazon Fire Tv,"Back To College,College Electronics,College Tvs & Home Theater,Electronics,Tvs & Home Theater,Streaming Devices,Featured Brands,Amazon Devices,Holiday Shop,Ways To Shop,TV & Home Theater,Streaming Media Players,All Streaming Media Players,TVs Entertainment,Video Games,Kindle Store,Electronics Features,Kids & Family,Fire TV",1,5,this was a Great product. i would recommend this..,this was a Great product. i would recommend this..
,Amazon Fire Tv,"Back To College,College Electronics,College Tvs & Home Theater,Electronics,Tvs & Home Theater,Streaming Devices,Featured Brands,Amazon Devices,Holiday Shop,Ways To Shop,TV & Home Theater,Streaming Media Players,All Streaming Media Players,TVs Entertainment,Video Games,Kindle Store,Electronics Features,Kids & Family,Fire TV",1,4,"I have to start by saying the last thing I wanted or needed was another device in my system. Being an Apple household I would prefer that my AppleTV handle the functions that I purchased the FireTV for, namely Amazon Prime Video. But apparently the feud between Apple and Amazon won't end in favor of their customers, and Amazon won't be building a Prime Video App for ATV.So I picked up a Fire TV and have to say I'm impressed, especially for the price. Many Apps (including Prime Video and Music), Netflix, voice control, even 4K (though I haven't tried that). No AirPlay of course, so I can't get rid of my ATV, and it doesn't integrate with my Macs the way ATV does. Bottom line, I got it for Prime and it does a great job, for a non Apple house it would be all you need.",Quite useful
"Amazon Kindle Paperwhite - eBook reader - 4 GB - 6 monochrome Paperwhite - touchscreen - Wi-Fi - black,,,",Amazon,"Walmart for Business,Office Electronics,Tablets,Office,Electronics,iPad & Tablets,Windows Tablets,All Windows Tablets,Computers & Tablets,E-Readers & Accessories,E-Readers,eBook Readers,Kindle E-readers,Computers/Tablets & Networking,Tablets & eBook Readers,Electronics Features,Books & Magazines,Book Accessories,eReaders,TVs & Electronics,Computers & Laptops,Tablets & eReaders",1,5,This is my third one. They get better each time. I love reading out doors without the glare making it hard to see,better than my last one
"Amazon Kindle Paperwhite - eBook reader - 4 GB - 6 monochrome Paperwhite - touchscreen - Wi-Fi - black,,,",Amazon,"Walmart for Business,Office Electronics,Tablets,Office,Electronics,iPad & Tablets,Windows Tablets,All Windows Tablets,Computers & Tablets,E-Readers & Accessories,E-Readers,eBook Readers,Kindle E-readers,Computers/Tablets & Networking,Tablets & eBook Readers,Electronics Features,Books & Magazines,Book Accessories,eReaders,TVs & Electronics,Computers & Laptops,Tablets & eReaders",1,5,"I have had a kindle for years. After my husbands was stolen we had to get another. The setup is easy, getting books couldn't be any easier, I even get free books through my library which download through Amazon. Would be lost without my Kindle.",Perfect for at home or traveling
,Amazon Echo,"Featured Brands,Electronics,Amazon Devices,Home,Home Improvement,Home Safety & Security,Home Security,Alarms & Sensors,Smart Home & Home Automation Devices,Mobile,Mobile Speakers,Mobile Bluetooth Speakers,Smart Hubs & Wireless Routers,Smart Hubs,Home, Garage & Office,Smart Home,Voice Assistants,Smart Home & Connected Living,Amazon Tap,Portable Audio,MP3 Accessories,Speakers,Amazon Echo,Electronics Features,TVs & Electronics,Portable Audio & Electronics,MP3 Player Accessories,Home Theater & Audio,Kindle Store,Frys,Electronic Components,Home Automation,Electronics, Tech Toys, Movies, Music,Audio,Bluetooth Speakers",1,5,"Bought the Echo Tap, Echo Dot, Phillips Hue Starter Kit and a Honeywell Thermostat for my wife for her birthday.She loves it and so do I!Cant wait to add more automated products to it. No need to have my phone out fumbling through multiple apps to change lighting and temperature, check weather, play music, etc., I just ask Alexa to do it while I continue at what I'm doing.Also, when the Dot and Tap are in the same room, the one that is closest to you typically answers your requests. Nice device that will only improve with time.",We love this lil thing!!!
,Amazon,"Stereos,Remote Controls,Amazon Echo,Audio Docks & Mini Speakers,Amazon Echo Accessories,Kitchen & Dining Features,Speaker Systems,Electronics,TVs Entertainment,Clearance,Smart Hubs & Wireless Routers,Featured Brands,Wireless Speakers,Smart Home & Connected Living,Home Security,Kindle Store,Home Automation,Home, Garage & Office,Home,Voice-Enabled Smart Assistants,Virtual Assistant Speakers,Portable Audio & Headphones,Electronics Features,Amazon Device Accessories,iPod, Audio Player Accessories,Home & Furniture Clearance,Consumer Electronics,Smart Home,Surveillance,Home Improvement,Smart Home & Home Automation Devices,Smart Hubs,Home Safety & Security,Voice Assistants,Alarms & Sensors,Amazon Devices,Audio,Holiday Shop",1,5,enjoy using Alexa every night! She's amazing! I'd recommend it to everyone!,enjoy using Alexa every night! She's amazing!
